{"cameraMode":{"drawMode":0,"name":"Shaded","section":"Shading Mode"},"sceneLighting":true,"audioPlay":false,"sceneViewState":{"showFog":true,"showMaterialUpdate":false,"showSkybox":true,"showFlares":true,"showImageEffects":true,"showParticleSystems":true},"in2DMode":false,"pivot":{"x":1.5945757627487183,"y":0.6826143264770508,"z":0.5810489654541016},"rotation":{"x":0.023739032447338105,"y":-0.9284472465515137,"z":0.06025689095258713,"w":0.36577507853507998},"size":1.5157568454742432,"orthographic":false}